SRA_ACCESSION,BASE_COUNT,BIO_BASE_COUNT,CMP_BASE_COUNT,COLOR_MATRIX,CSREAD,CS_KEY,CS_NATIVE,FIXED_SPOT_LEN,LANE,MAX_SPOT_ID,MIN_SPOT_ID,NAME,PLATFORM,POSITION,QUALITY,RD_FILTER,READ,READ_FILTER,READ_LEN,READ_SEG,READ_START,READ_TYPE,SIGNAL_LEN,SPOT_COUNT,SPOT_FILTER,SPOT_GROUP,SPOT_ID,SPOT_IDS_FOUND,SPOT_LEN,TILE,TRIM_LEN,TRIM_START,X,Y
SRR27848283,3827525214,3827525214,3827525214,"0, 1, 2, 3, 4, 1, 0, 3, 2, 4, 2, 3, 0, 1, 4, 3, 2, 1, 0, 4, 4, 4, 4, 4, 4",001233301121112010103220322001021231031233030333301022213001013312232220100200030033113003113113201311,TT,false,102,1,37524757,1,VH00708:190:AAAYHG3HV:1:1101:46786:1000,SRA_PLATFORM_ILLUMINA,"1, 2, 3, 4, 5, 6, 7, 8, 9, 10, 11, 12, 13, 14, 15, 16, 17, 18, 19, 20, 21, 22, 23, 24, 25, 26, 27, 28, 29, 30, 31, 32, 33, 34, 35, 36, 37, 38, 39, 40, 41, 42, 43, 44, 45, 46, 47, 48, 49, 50, 51, 52, 53, 54, 55, 56, 57, 58, 59, 60, 61, 62, 63, 64, 65, 66, 67, 68, 69, 70, 71, 72, 73, 74, 75, 76, 77, 78, 79, 80, 81, 82, 83, 84, 85, 86, 87, 88, 89, 90, 91, 92, 93, 94, 95, 96, 97, 98, 99, 100, 101, 102","12, 34, 34, 34, 34, 34, 34, 34, 34, 34, 34, 34, 34, 34, 34, 34, 34, 34, 34, 34, 34, 34, 34, 34, 34, 34, 34, 34, 34, 34, 34, 34, 34, 34, 34, 34, 34, 34, 34, 34, 34, 34, 34, 34, 34, 34, 34, 34, 34, 34, 34, 34, 34, 34, 34, 34, 34, 34, 34, 34, 34, 34, 34, 34, 34, 34, 34, 34, 34, 34, 34, 34, 34, 34, 34, 34, 34, 34, 34, 34, 34, 34, 34, 34, 34, 34, 34, 34, 26, 34, 34, 34, 34, 34, 34, 34, 34, 34, 34, 34, 34, 34","SRA_READ_FILTER_PASS, SRA_READ_FILTER_PASS",TTGATATTGTCACAGGTTGGCTCCGAGGGTTCAGCAATGATAATTATATTGTCTCATTTGGTATGAGCTCTTGGGAAAATTTATGTAAATGTACATCCATGT,"SRA_READ_FILTER_PASS, SRA_READ_FILTER_PASS","51, 51","[0, 51], [51, 51]","0, 51","SRA_READ_TYPE_BIOLOGICAL, SRA_READ_TYPE_BIOLOGICAL",0,37524757,0,ACGGCAGA+TTGCGGAC,10,,102,1101,102,0,46786,1000
SRR27848284,4265005662,4265005662,4265005662,"0, 1, 2, 3, 4, 1, 0, 3, 2, 4, 2, 3, 0, 1, 4, 3, 2, 1, 0, 4, 4, 4, 4, 4, 4",130132111221332121332002222211222131002133002203120021022320100123113113223333221012112231311132300223,TT,false,102,1,41813781,1,VH00708:190:AAAYHG3HV:1:1101:52770:1000,SRA_PLATFORM_ILLUMINA,"1, 2, 3, 4, 5, 6, 7, 8, 9, 10, 11, 12, 13, 14, 15, 16, 17, 18, 19, 20, 21, 22, 23, 24, 25, 26, 27, 28, 29, 30, 31, 32, 33, 34, 35, 36, 37, 38, 39, 40, 41, 42, 43, 44, 45, 46, 47, 48, 49, 50, 51, 52, 53, 54, 55, 56, 57, 58, 59, 60, 61, 62, 63, 64, 65, 66, 67, 68, 69, 70, 71, 72, 73, 74, 75, 76, 77, 78, 79, 80, 81, 82, 83, 84, 85, 86, 87, 88, 89, 90, 91, 92, 93, 94, 95, 96, 97, 98, 99, 100, 101, 102","12, 34, 34, 34, 34, 34, 34, 34, 34, 34, 34, 34, 34, 34, 34, 34, 34, 34, 34, 34, 34, 34, 34, 34, 34, 34, 34, 34, 34, 34, 34, 34, 34, 34, 34, 34, 34, 34, 34, 34, 34, 34, 34, 34, 34, 34, 34, 34, 34, 34, 34, 34, 34, 34, 34, 34, 34, 34, 34, 34, 34, 26, 34, 34, 34, 34, 34, 12, 26, 26, 34, 34, 34, 26, 34, 12, 34, 34, 34, 34, 26, 12, 26, 34, 26, 34, 34, 34, 34, 34, 34, 34, 34, 34, 34, 34, 34, 34, 34, 34, 34, 34","SRA_READ_FILTER_PASS, SRA_READ_FILTER_PASS",GCCATCACAGACGCTGACGCTTTCTCTCACTCTGCAAAGTATTTCTTACTTTCAAGATCCAAACTACATGTAGATATAGACCAGTGAGCATGTGCTAAAGAT,"SRA_READ_FILTER_PASS, SRA_READ_FILTER_PASS","51, 51","[0, 51], [51, 51]","0, 51","SRA_READ_TYPE_BIOLOGICAL, SRA_READ_TYPE_BIOLOGICAL",0,41813781,0,ACGCCACT+CTGTTAAC,10,,102,1101,102,0,52770,1000
SRR27848285,3698753070,3698753070,3698753070,"0, 1, 2, 3, 4, 1, 0, 3, 2, 4, 2, 3, 0, 1, 4, 3, 2, 1, 0, 4, 4, 4, 4, 4, 4",..2211011033311330200303233121312010022031222031203120300000110001100010100010100002322211202300222211,TT,false,102,1,36262285,1,VH00708:190:AAAYHG3HV:1:1101:37545:1000,SRA_PLATFORM_ILLUMINA,"1, 2, 3, 4, 5, 6, 7, 8, 9, 10, 11, 12, 13, 14, 15, 16, 17, 18, 19, 20, 21, 22, 23, 24, 25, 26, 27, 28, 29, 30, 31, 32, 33, 34, 35, 36, 37, 38, 39, 40, 41, 42, 43, 44, 45, 46, 47, 48, 49, 50, 51, 52, 53, 54, 55, 56, 57, 58, 59, 60, 61, 62, 63, 64, 65, 66, 67, 68, 69, 70, 71, 72, 73, 74, 75, 76, 77, 78, 79, 80, 81, 82, 83, 84, 85, 86, 87, 88, 89, 90, 91, 92, 93, 94, 95, 96, 97, 98, 99, 100, 101, 102","2, 26, 34, 34, 34, 34, 34, 34, 34, 34, 34, 34, 34, 34, 34, 34, 34, 34, 34, 34, 34, 34, 34, 34, 34, 34, 34, 34, 34, 34, 34, 34, 34, 34, 34, 34, 34, 34, 34, 34, 34, 34, 34, 34, 34, 34, 34, 34, 34, 34, 34, 34, 34, 34, 34, 34, 34, 34, 34, 34, 34, 34, 34, 34, 34, 34, 34, 34, 34, 34, 34, 34, 34, 34, 34, 34, 34, 34, 34, 34, 34, 34, 26, 34, 34, 34, 34, 34, 34, 34, 34, 34, 34, 34, 34, 34, 26, 34, 34, 34, 34, 34","SRA_READ_FILTER_PASS, SRA_READ_FILTER_PASS",NGAGTGGTGGCGCACGCCTTTAATCGCAGTACTTGGGAGGCAGAGGCAGGCGAATTTTTTGTTTTGTTTTGGTTTTGGTTTTTCGAGACAGGATTTCTCTGT,"SRA_READ_FILTER_PASS, SRA_READ_FILTER_PASS","51, 51","[0, 51], [51, 51]","0, 51","SRA_READ_TYPE_BIOLOGICAL, SRA_READ_TYPE_BIOLOGICAL",0,36262285,0,GTGTTGTA+TTGTACAG,10,,102,1101,102,0,37545,1000
SRR27848286,3260143380,3260143380,3260143380,"0, 1, 2, 3, 4, 1, 0, 3, 2, 4, 2, 3, 0, 1, 4, 3, 2, 1, 0, 4, 4, 4, 4, 4, 4",112122301100120000302020012020203103023301112002022330302103030030030022000321321310102313120333221020,TT,false,102,1,31962190,1,VH00708:190:AAAYHG3HV:1:1101:59624:1000,SRA_PLATFORM_ILLUMINA,"1, 2, 3, 4, 5, 6, 7, 8, 9, 10, 11, 12, 13, 14, 15, 16, 17, 18, 19, 20, 21, 22, 23, 24, 25, 26, 27, 28, 29, 30, 31, 32, 33, 34, 35, 36, 37, 38, 39, 40, 41, 42, 43, 44, 45, 46, 47, 48, 49, 50, 51, 52, 53, 54, 55, 56, 57, 58, 59, 60, 61, 62, 63, 64, 65, 66, 67, 68, 69, 70, 71, 72, 73, 74, 75, 76, 77, 78, 79, 80, 81, 82, 83, 84, 85, 86, 87, 88, 89, 90, 91, 92, 93, 94, 95, 96, 97, 98, 99, 100, 101, 102","12, 34, 34, 34, 34, 34, 34, 34, 34, 34, 34, 34, 34, 34, 34, 34, 34, 34, 34, 34, 34, 34, 34, 34, 34, 34, 34, 34, 34, 34, 34, 34, 34, 34, 34, 34, 34, 34, 34, 34, 34, 34, 34, 34, 34, 34, 34, 34, 34, 34, 34, 34, 34, 34, 26, 34, 34, 34, 34, 34, 34, 34, 34, 34, 34, 34, 34, 34, 34, 34, 34, 34, 34, 34, 34, 34, 12, 34, 34, 34, 34, 34, 34, 34, 34, 34, 34, 34, 34, 34, 34, 26, 34, 34, 34, 34, 34, 34, 34, 34, 34, 34","SRA_READ_FILTER_PASS, SRA_READ_FILTER_PASS",GTCAGATTGTTTGAAAAATTCCTTTGAAGGAATGGCCTATTGTGAAAGGAGATTAAGTTAATTTAAATTTCTTTTAGTAGTACCAAGCATGAATATCTGGAA,"SRA_READ_FILTER_PASS, SRA_READ_FILTER_PASS","51, 51","[0, 51], [51, 51]","0, 51","SRA_READ_TYPE_BIOLOGICAL, SRA_READ_TYPE_BIOLOGICAL",0,31962190,0,CTTGCTAT+GTTCCTTC,10,,102,1101,102,0,59624,1000
SRR27848287,2978205384,2978205384,2978205384,"0, 1, 2, 3, 4, 1, 0, 3, 2, 4, 2, 3, 0, 1, 4, 3, 2, 1, 0, 4, 4, 4, 4, 4, 4",011300222112113121133333002022100030001130312213333131213201332112012011321021121130123132202003031203,TT,false,102,1,29198092,1,VH00708:190:AAAYHG3HV:1:1101:45915:1000,SRA_PLATFORM_ILLUMINA,"1, 2, 3, 4, 5, 6, 7, 8, 9, 10, 11, 12, 13, 14, 15, 16, 17, 18, 19, 20, 21, 22, 23, 24, 25, 26, 27, 28, 29, 30, 31, 32, 33, 34, 35, 36, 37, 38, 39, 40, 41, 42, 43, 44, 45, 46, 47, 48, 49, 50, 51, 52, 53, 54, 55, 56, 57, 58, 59, 60, 61, 62, 63, 64, 65, 66, 67, 68, 69, 70, 71, 72, 73, 74, 75, 76, 77, 78, 79, 80, 81, 82, 83, 84, 85, 86, 87, 88, 89, 90, 91, 92, 93, 94, 95, 96, 97, 98, 99, 100, 101, 102","34, 34, 34, 34, 34, 26, 34, 34, 34, 34, 34, 34, 34, 34, 34, 34, 34, 34, 34, 34, 34, 34, 34, 34, 34, 34, 34, 34, 34, 34, 34, 34, 26, 34, 34, 34, 34, 34, 34, 34, 34, 34, 34, 34, 34, 34, 34, 34, 34, 34, 34, 34, 34, 34, 34, 34, 34, 34, 34, 34, 34, 34, 34, 34, 34, 34, 34, 34, 34, 26, 34, 34, 34, 34, 34, 26, 34, 34, 34, 34, 34, 34, 34, 34, 34, 34, 34, 34, 34, 34, 34, 34, 34, 34, 34, 34, 34, 34, 34, 34, 34, 34","SRA_READ_FILTER_PASS, SRA_READ_FILTER_PASS",TGTAAAGAGTGACATGACATATATTTCCTCAAAATTTTGTAATGAGTATATGCAGTAGGTATCACTTGAACATCAAGTGACATTGATGCTCCTTTAATGAAT,"SRA_READ_FILTER_PASS, SRA_READ_FILTER_PASS","51, 51","[0, 51], [51, 51]","0, 51","SRA_READ_TYPE_BIOLOGICAL, SRA_READ_TYPE_BIOLOGICAL",0,29198092,0,TGTTAACA+TCACTGAA,10,,102,1101,102,0,45915,1000
SRR27848288,3533089974,3533089974,3533089974,"0, 1, 2, 3, 4, 1, 0, 3, 2, 4, 2, 3, 0, 1, 4, 3, 2, 1, 0, 4, 4, 4, 4, 4, 4",110003300001202120021212033011021213213332201102313010211301010003011021213030033021030232002121123322,TT,false,102,1,34638137,1,VH00708:190:AAAYHG3HV:1:1101:55118:1000,SRA_PLATFORM_ILLUMINA,"1, 2, 3, 4, 5, 6, 7, 8, 9, 10, 11, 12, 13, 14, 15, 16, 17, 18, 19, 20, 21, 22, 23, 24, 25, 26, 27, 28, 29, 30, 31, 32, 33, 34, 35, 36, 37, 38, 39, 40, 41, 42, 43, 44, 45, 46, 47, 48, 49, 50, 51, 52, 53, 54, 55, 56, 57, 58, 59, 60, 61, 62, 63, 64, 65, 66, 67, 68, 69, 70, 71, 72, 73, 74, 75, 76, 77, 78, 79, 80, 81, 82, 83, 84, 85, 86, 87, 88, 89, 90, 91, 92, 93, 94, 95, 96, 97, 98, 99, 100, 101, 102","26, 26, 34, 34, 34, 34, 34, 34, 34, 34, 34, 34, 34, 34, 34, 34, 34, 34, 34, 34, 34, 34, 34, 34, 34, 34, 34, 34, 34, 34, 34, 34, 34, 34, 34, 34, 34, 34, 34, 34, 34, 34, 34, 34, 34, 34, 34, 34, 34, 34, 34, 34, 34, 34, 34, 34, 34, 34, 34, 34, 34, 34, 34, 34, 34, 34, 34, 34, 34, 34, 34, 34, 34, 34, 34, 34, 34, 34, 34, 34, 34, 34, 34, 34, 34, 34, 34, 34, 34, 34, 34, 34, 34, 34, 34, 34, 34, 34, 34, 34, 34, 34","SRA_READ_FILTER_PASS, SRA_READ_FILTER_PASS",GTTTTATTTTTGAAGTCCCTGACTTATTGTTCAGTAGTATAGAACAAGCATTGGACATTGGTTTTAACAAGTCATTAAATAAGTTAAGCTTTCAGTGATAGA,"SRA_READ_FILTER_PASS, SRA_READ_FILTER_PASS","51, 51","[0, 51], [51, 51]","0, 51","SRA_READ_TYPE_BIOLOGICAL, SRA_READ_TYPE_BIOLOGICAL",0,34638137,0,TTGGTCCG+AGTGTTAA,10,,102,1101,102,0,55118,1000
SRR27848289,3147774060,3147774060,3147774060,"0, 1, 2, 3, 4, 1, 0, 3, 2, 4, 2, 3, 0, 1, 4, 3, 2, 1, 0, 4, 4, 4, 4, 4, 4",130103033330330033020202122120021112120003020020230132331212220002023321320210133333322303331132200211,TT,false,102,1,30860530,1,VH00708:190:AAAYHG3HV:1:1101:55648:1000,SRA_PLATFORM_ILLUMINA,"1, 2, 3, 4, 5, 6, 7, 8, 9, 10, 11, 12, 13, 14, 15, 16, 17, 18, 19, 20, 21, 22, 23, 24, 25, 26, 27, 28, 29, 30, 31, 32, 33, 34, 35, 36, 37, 38, 39, 40, 41, 42, 43, 44, 45, 46, 47, 48, 49, 50, 51, 52, 53, 54, 55, 56, 57, 58, 59, 60, 61, 62, 63, 64, 65, 66, 67, 68, 69, 70, 71, 72, 73, 74, 75, 76, 77, 78, 79, 80, 81, 82, 83, 84, 85, 86, 87, 88, 89, 90, 91, 92, 93, 94, 95, 96, 97, 98, 99, 100, 101, 102","26, 34, 34, 34, 12, 34, 34, 34, 34, 34, 34, 34, 34, 34, 34, 34, 34, 34, 34, 34, 34, 34, 34, 34, 34, 34, 34, 34, 34, 34, 34, 34, 34, 34, 34, 34, 34, 34, 26, 34, 34, 34, 34, 34, 34, 34, 34, 34, 34, 34, 34, 34, 26, 34, 34, 34, 34, 34, 34, 34, 34, 34, 34, 34, 34, 34, 34, 34, 34, 34, 34, 34, 34, 34, 34, 34, 34, 34, 34, 34, 34, 34, 34, 12, 34, 34, 34, 12, 34, 34, 34, 34, 34, 34, 34, 34, 34, 34, 34, 34, 34, 34","SRA_READ_FILTER_PASS, SRA_READ_FILTER_PASS",GCCAATTATATTATTTATTCCTTCAGACTTTCACAGTCCCCGGAAAGGATTGCTATGACTCTTTTCCTATCATCCTGGTATATATCTAATATGTAGAAAGTG,"SRA_READ_FILTER_PASS, SRA_READ_FILTER_PASS","51, 51","[0, 51], [51, 51]","0, 51","SRA_READ_TYPE_BIOLOGICAL, SRA_READ_TYPE_BIOLOGICAL",0,30860530,0,TTATGTAT+CTCTTGAA,10,,102,1101,102,0,55648,1000
SRR27848290,3082163784,3082163784,3082163784,"0, 1, 2, 3, 4, 1, 0, 3, 2, 4, 2, 3, 0, 1, 4, 3, 2, 1, 0, 4, 4, 4, 4, 4, 4",111301032102122003331032030220301100033001101011011112232320102033232011311113333113313211001220222103,TT,false,102,1,30217292,1,VH00708:190:AAAYHG3HV:1:1101:51520:1000,SRA_PLATFORM_ILLUMINA,"1, 2, 3, 4, 5, 6, 7, 8, 9, 10, 11, 12, 13, 14, 15, 16, 17, 18, 19, 20, 21, 22, 23, 24, 25, 26, 27, 28, 29, 30, 31, 32, 33, 34, 35, 36, 37, 38, 39, 40, 41, 42, 43, 44, 45, 46, 47, 48, 49, 50, 51, 52, 53, 54, 55, 56, 57, 58, 59, 60, 61, 62, 63, 64, 65, 66, 67, 68, 69, 70, 71, 72, 73, 74, 75, 76, 77, 78, 79, 80, 81, 82, 83, 84, 85, 86, 87, 88, 89, 90, 91, 92, 93, 94, 95, 96, 97, 98, 99, 100, 101, 102","26, 34, 34, 34, 34, 34, 34, 34, 34, 34, 34, 34, 34, 34, 34, 34, 34, 34, 34, 26, 34, 34, 34, 34, 34, 34, 34, 34, 34, 34, 34, 34, 34, 34, 34, 26, 34, 34, 34, 34, 34, 34, 34, 34, 34, 34, 34, 34, 34, 34, 34, 34, 34, 34, 34, 34, 34, 34, 34, 34, 34, 34, 34, 34, 34, 12, 34, 34, 34, 34, 34, 34, 34, 34, 34, 34, 34, 34, 26, 34, 34, 34, 34, 34, 34, 34, 34, 34, 34, 34, 34, 12, 34, 34, 34, 34, 34, 34, 34, 34, 34, 34","SRA_READ_FILTER_PASS, SRA_READ_FILTER_PASS",GTGCCAATCAAGTCTTTATACCGAATTCTTAACAAAATAAACAACCACCACGTCTAGCTTGGAATAGCTTGTACACATATACATACGACAAACTCCTCTGGC,"SRA_READ_FILTER_PASS, SRA_READ_FILTER_PASS","51, 51","[0, 51], [51, 51]","0, 51","SRA_READ_TYPE_BIOLOGICAL, SRA_READ_TYPE_BIOLOGICAL",0,30217292,0,TGCATTGC+AACAGGAC,10,,102,1101,102,0,51520,1000
SRR27848291,3494280300,3494280300,3494280300,"0, 1, 2, 3, 4, 1, 0, 3, 2, 4, 2, 3, 0, 1, 4, 3, 2, 1, 0, 4, 4, 4, 4, 4, 4",011222202100221200302212003303213122013213312221301212011012022000100301313001101121102102001100032131,TT,false,102,1,34257650,1,VH00708:190:AAAYHG3HV:1:1101:47998:1000,SRA_PLATFORM_ILLUMINA,"1, 2, 3, 4, 5, 6, 7, 8, 9, 10, 11, 12, 13, 14, 15, 16, 17, 18, 19, 20, 21, 22, 23, 24, 25, 26, 27, 28, 29, 30, 31, 32, 33, 34, 35, 36, 37, 38, 39, 40, 41, 42, 43, 44, 45, 46, 47, 48, 49, 50, 51, 52, 53, 54, 55, 56, 57, 58, 59, 60, 61, 62, 63, 64, 65, 66, 67, 68, 69, 70, 71, 72, 73, 74, 75, 76, 77, 78, 79, 80, 81, 82, 83, 84, 85, 86, 87, 88, 89, 90, 91, 92, 93, 94, 95, 96, 97, 98, 99, 100, 101, 102","26, 12, 34, 34, 34, 26, 34, 34, 34, 34, 34, 34, 34, 26, 26, 34, 34, 34, 34, 34, 34, 34, 34, 12, 34, 34, 34, 34, 12, 34, 34, 34, 34, 26, 34, 34, 34, 34, 26, 26, 34, 26, 34, 26, 12, 12, 34, 26, 34, 34, 34, 34, 34, 34, 34, 34, 12, 12, 34, 26, 12, 34, 12, 26, 34, 12, 12, 34, 34, 34, 34, 26, 26, 34, 12, 34, 34, 26, 34, 34, 26, 34, 34, 34, 12, 34, 12, 34, 34, 34, 34, 34, 34, 34, 34, 34, 34, 34, 34, 34, 12, 12","SRA_READ_FILTER_PASS, SRA_READ_FILTER_PASS",TGTCTCTTCAAAGACTTTAAGACTTTATTAGTACTCCATCATACTCTGCCACAGGTGGTCCTCCCCAAATTGCATTTGTTGTCACCTGGAAACAAAATCATG,"SRA_READ_FILTER_PASS, SRA_READ_FILTER_PASS","51, 51","[0, 51], [51, 51]","0, 51","SRA_READ_TYPE_BIOLOGICAL, SRA_READ_TYPE_BIOLOGICAL",0,34257650,0,TGAAGCCA+TATCGTAA,10,,102,1101,102,0,47998,1000
SRR27848292,2872484832,2872484832,2872484832,"0, 1, 2, 3, 4, 1, 0, 3, 2, 4, 2, 3, 0, 1, 4, 3, 2, 1, 0, 4, 4, 4, 4, 4, 4",113332020302122332221330330012031103033303330002203312022000221021211003031320113120300032020122030230,TT,false,102,1,28161616,1,VH00708:190:AAAYHG3HV:1:1101:50990:1000,SRA_PLATFORM_ILLUMINA,"1, 2, 3, 4, 5, 6, 7, 8, 9, 10, 11, 12, 13, 14, 15, 16, 17, 18, 19, 20, 21, 22, 23, 24, 25, 26, 27, 28, 29, 30, 31, 32, 33, 34, 35, 36, 37, 38, 39, 40, 41, 42, 43, 44, 45, 46, 47, 48, 49, 50, 51, 52, 53, 54, 55, 56, 57, 58, 59, 60, 61, 62, 63, 64, 65, 66, 67, 68, 69, 70, 71, 72, 73, 74, 75, 76, 77, 78, 79, 80, 81, 82, 83, 84, 85, 86, 87, 88, 89, 90, 91, 92, 93, 94, 95, 96, 97, 98, 99, 100, 101, 102","26, 34, 34, 34, 34, 34, 34, 34, 34, 34, 34, 34, 34, 34, 34, 34, 34, 34, 34, 34, 34, 34, 34, 34, 34, 34, 34, 34, 34, 34, 34, 34, 34, 34, 34, 34, 26, 34, 34, 34, 34, 34, 34, 34, 34, 26, 34, 34, 34, 34, 34, 34, 34, 34, 34, 34, 34, 34, 34, 34, 34, 34, 34, 34, 34, 34, 34, 34, 34, 34, 34, 34, 34, 34, 34, 34, 34, 34, 34, 34, 34, 34, 34, 34, 34, 34, 34, 34, 34, 34, 34, 34, 34, 34, 34, 34, 34, 34, 34, 34, 34, 34","SRA_READ_FILTER_PASS, SRA_READ_FILTER_PASS",GTATAGGAATTCAGATAGAGTATTATTTGAATGTTAATATTATAAAAGAATACTTCTTTTCTGGACTGTTTAATGCTTGTACTTAAAATCCTTGAGGCCTAA,"SRA_READ_FILTER_PASS, SRA_READ_FILTER_PASS","51, 51","[0, 51], [51, 51]","0, 51","SRA_READ_TYPE_BIOLOGICAL, SRA_READ_TYPE_BIOLOGICAL",0,28161616,0,TTCAGAAC+CGGCGTAA,10,,102,1101,102,0,50990,1000
SRR27848293,3179026962,3179026962,3179026962,"0, 1, 2, 3, 4, 1, 0, 3, 2, 4, 2, 3, 0, 1, 4, 3, 2, 1, 0, 4, 4, 4, 4, 4, 4",..1221102220000232231323123011220023310031222231312321003131303001122331101230212320210230210002301030,TT,false,102,1,31166931,1,VH00708:190:AAAYHG3HV:1:1101:38947:1000,SRA_PLATFORM_ILLUMINA,"1, 2, 3, 4, 5, 6, 7, 8, 9, 10, 11, 12, 13, 14, 15, 16, 17, 18, 19, 20, 21, 22, 23, 24, 25, 26, 27, 28, 29, 30, 31, 32, 33, 34, 35, 36, 37, 38, 39, 40, 41, 42, 43, 44, 45, 46, 47, 48, 49, 50, 51, 52, 53, 54, 55, 56, 57, 58, 59, 60, 61, 62, 63, 64, 65, 66, 67, 68, 69, 70, 71, 72, 73, 74, 75, 76, 77, 78, 79, 80, 81, 82, 83, 84, 85, 86, 87, 88, 89, 90, 91, 92, 93, 94, 95, 96, 97, 98, 99, 100, 101, 102","2, 26, 34, 34, 34, 34, 34, 34, 34, 34, 34, 34, 34, 34, 34, 34, 34, 34, 26, 34, 34, 34, 34, 34, 34, 34, 34, 34, 34, 34, 34, 34, 34, 34, 34, 34, 34, 34, 34, 34, 34, 34, 34, 34, 34, 34, 34, 34, 34, 34, 34, 34, 34, 34, 34, 34, 34, 34, 34, 34, 34, 34, 34, 34, 34, 34, 34, 34, 34, 34, 34, 34, 34, 34, 34, 34, 34, 34, 34, 34, 34, 34, 34, 34, 34, 34, 34, 34, 34, 34, 34, 34, 34, 34, 34, 34, 26, 34, 34, 34, 34, 34","SRA_READ_FILTER_PASS, SRA_READ_FILTER_PASS",NTGAGTGGAGAAAAAGCTCGTAGCAGCCACTCCCTATGGGCAGAGATGCAGAGTTTACGTAATTTGTCTATGTTGATTCAGCTTCAAGCCTGGGGATTGGCC,"SRA_READ_FILTER_PASS, SRA_READ_FILTER_PASS","51, 51","[0, 51], [51, 51]","0, 51","SRA_READ_TYPE_BIOLOGICAL, SRA_READ_TYPE_BIOLOGICAL",0,31166931,0,GTCCACTC+GGAATTAA,10,,102,1101,102,0,38947,1000
SRR27848294,3068041068,3068041068,3068041068,"0, 1, 2, 3, 4, 1, 0, 3, 2, 4, 2, 3, 0, 1, 4, 3, 2, 1, 0, 4, 4, 4, 4, 4, 4",012201030222311221121032132220201222021022121021030332302320013020122310101112230110131110100221002030,TT,false,102,1,30078834,1,VH00708:190:AAAYHG3HV:1:1101:50800:1000,SRA_PLATFORM_ILLUMINA,"1, 2, 3, 4, 5, 6, 7, 8, 9, 10, 11, 12, 13, 14, 15, 16, 17, 18, 19, 20, 21, 22, 23, 24, 25, 26, 27, 28, 29, 30, 31, 32, 33, 34, 35, 36, 37, 38, 39, 40, 41, 42, 43, 44, 45, 46, 47, 48, 49, 50, 51, 52, 53, 54, 55, 56, 57, 58, 59, 60, 61, 62, 63, 64, 65, 66, 67, 68, 69, 70, 71, 72, 73, 74, 75, 76, 77, 78, 79, 80, 81, 82, 83, 84, 85, 86, 87, 88, 89, 90, 91, 92, 93, 94, 95, 96, 97, 98, 99, 100, 101, 102","34, 34, 34, 34, 34, 34, 34, 34, 34, 34, 34, 34, 34, 34, 34, 34, 34, 34, 34, 34, 34, 34, 34, 34, 34, 34, 34, 34, 34, 34, 34, 34, 34, 34, 34, 34, 34, 34, 34, 34, 34, 34, 34, 34, 34, 34, 34, 34, 34, 34, 34, 34, 34, 34, 34, 34, 34, 34, 34, 34, 34, 34, 34, 34, 34, 34, 34, 34, 34, 34, 34, 34, 34, 34, 34, 34, 34, 34, 34, 34, 34, 34, 34, 34, 34, 12, 34, 34, 34, 34, 34, 34, 34, 34, 34, 34, 34, 34, 34, 34, 34, 34","SRA_READ_FILTER_PASS, SRA_READ_FILTER_PASS",TGAGGTTAAGAGCACTCACTGGCTGCTCTTCCAGAGGACCTCAGTTCAATTATCGGATCCCATTCCAGATGGTTGTGAGCCACCATGTGGTTTCTGGGAATT,"SRA_READ_FILTER_PASS, SRA_READ_FILTER_PASS","51, 51","[0, 51], [51, 51]","0, 51","SRA_READ_TYPE_BIOLOGICAL, SRA_READ_TYPE_BIOLOGICAL",0,30078834,0,AACACATA+TTAGAATT,10,,102,1101,102,0,50800,1000
SRR27848295,3211211532,3211211532,3211211532,"0, 1, 2, 3, 4, 1, 0, 3, 2, 4, 2, 3, 0, 1, 4, 3, 2, 1, 0, 4, 4, 4, 4, 4, 4",131300031201023033230301211023110022220231000121213131222120032321122021200032020131002222303301022020,TT,false,102,1,31482466,1,VH00708:190:AAAYHG3HV:1:1101:52012:1000,SRA_PLATFORM_ILLUMINA,"1, 2, 3, 4, 5, 6, 7, 8, 9, 10, 11, 12, 13, 14, 15, 16, 17, 18, 19, 20, 21, 22, 23, 24, 25, 26, 27, 28, 29, 30, 31, 32, 33, 34, 35, 36, 37, 38, 39, 40, 41, 42, 43, 44, 45, 46, 47, 48, 49, 50, 51, 52, 53, 54, 55, 56, 57, 58, 59, 60, 61, 62, 63, 64, 65, 66, 67, 68, 69, 70, 71, 72, 73, 74, 75, 76, 77, 78, 79, 80, 81, 82, 83, 84, 85, 86, 87, 88, 89, 90, 91, 92, 93, 94, 95, 96, 97, 98, 99, 100, 101, 102","26, 34, 34, 34, 34, 34, 34, 34, 34, 34, 34, 34, 34, 34, 34, 34, 34, 34, 34, 34, 34, 34, 34, 34, 34, 34, 34, 34, 34, 34, 34, 34, 34, 34, 34, 34, 34, 34, 34, 34, 34, 34, 34, 34, 34, 34, 34, 34, 34, 34, 34, 34, 34, 34, 34, 34, 34, 34, 34, 34, 34, 34, 34, 34, 34, 34, 34, 34, 34, 34, 34, 34, 34, 34, 34, 34, 34, 34, 34, 34, 34, 34, 34, 12, 12, 12, 34, 26, 34, 12, 12, 26, 34, 34, 34, 34, 26, 34, 34, 34, 34, 26","SRA_READ_FILTER_PASS, SRA_READ_FILTER_PASS",GCATTTTACTTGGATTATCGGCCAGTGGATGTTTCTCTTCGTTTTGACTGCGCAGAGTCCCGATCACTCCTGAAAATCCTTGCAAAGAGATTATTGGAGGAA,"SRA_READ_FILTER_PASS, SRA_READ_FILTER_PASS","51, 51","[0, 51], [51, 51]","0, 51","SRA_READ_TYPE_BIOLOGICAL, SRA_READ_TYPE_BIOLOGICAL",0,31482466,0,AACAGTTG+AGTGAATT,10,,102,1101,102,0,52012,1000
SRR27848296,2586552924,2586552924,2586552924,"0, 1, 2, 3, 4, 1, 0, 3, 2, 4, 2, 3, 0, 1, 4, 3, 2, 1, 0, 4, 4, 4, 4, 4, 4",122031102122321303202010312210031220011100002200301221002210321030022000011100221300122130102023031232,TT,false,102,1,25358362,1,VH00708:190:AAAYHG3HV:1:1101:55307:1000,SRA_PLATFORM_ILLUMINA,"1, 2, 3, 4, 5, 6, 7, 8, 9, 10, 11, 12, 13, 14, 15, 16, 17, 18, 19, 20, 21, 22, 23, 24, 25, 26, 27, 28, 29, 30, 31, 32, 33, 34, 35, 36, 37, 38, 39, 40, 41, 42, 43, 44, 45, 46, 47, 48, 49, 50, 51, 52, 53, 54, 55, 56, 57, 58, 59, 60, 61, 62, 63, 64, 65, 66, 67, 68, 69, 70, 71, 72, 73, 74, 75, 76, 77, 78, 79, 80, 81, 82, 83, 84, 85, 86, 87, 88, 89, 90, 91, 92, 93, 94, 95, 96, 97, 98, 99, 100, 101, 102","26, 34, 34, 34, 34, 34, 34, 34, 34, 34, 34, 34, 34, 34, 34, 34, 34, 34, 34, 34, 34, 34, 34, 34, 34, 34, 34, 34, 34, 34, 26, 34, 34, 34, 34, 34, 34, 34, 34, 34, 34, 34, 34, 34, 34, 34, 34, 34, 34, 34, 34, 34, 34, 34, 34, 34, 34, 34, 34, 34, 34, 34, 34, 34, 34, 34, 34, 34, 34, 34, 34, 26, 26, 34, 34, 34, 34, 34, 34, 34, 34, 34, 34, 34, 34, 34, 34, 34, 34, 34, 34, 34, 34, 34, 34, 34, 34, 34, 34, 34, 34, 34","SRA_READ_FILTER_PASS, SRA_READ_FILTER_PASS",GAGGCACCTGAGCTGCCGAAGGTTACTCAAATGAGGGTGTTTTTCTTTAACCTGGGAGTTAGTTAAAGAAAAACACCCTCATTTGAGTAACCTTCGGCAGCT,"SRA_READ_FILTER_PASS, SRA_READ_FILTER_PASS","51, 51","[0, 51], [51, 51]","0, 51","SRA_READ_TYPE_BIOLOGICAL, SRA_READ_TYPE_BIOLOGICAL",0,25358362,0,AACAAGGC+GACCAATT,10,,102,1101,102,0,55307,1000
SRR27848297,2552786742,2552786742,2552786742,"0, 1, 2, 3, 4, 1, 0, 3, 2, 4, 2, 3, 0, 1, 4, 3, 2, 1, 0, 4, 4, 4, 4, 4, 4",012312312112002200310130203100321121321322322323020322312312112300130202001300220021121321322322323020,TT,false,102,1,25027321,1,VH00708:190:AAAYHG3HV:1:1101:50762:1000,SRA_PLATFORM_ILLUMINA,"1, 2, 3, 4, 5, 6, 7, 8, 9, 10, 11, 12, 13, 14, 15, 16, 17, 18, 19, 20, 21, 22, 23, 24, 25, 26, 27, 28, 29, 30, 31, 32, 33, 34, 35, 36, 37, 38, 39, 40, 41, 42, 43, 44, 45, 46, 47, 48, 49, 50, 51, 52, 53, 54, 55, 56, 57, 58, 59, 60, 61, 62, 63, 64, 65, 66, 67, 68, 69, 70, 71, 72, 73, 74, 75, 76, 77, 78, 79, 80, 81, 82, 83, 84, 85, 86, 87, 88, 89, 90, 91, 92, 93, 94, 95, 96, 97, 98, 99, 100, 101, 102","34, 34, 26, 34, 34, 12, 34, 34, 34, 34, 12, 34, 34, 34, 12, 34, 34, 34, 34, 26, 34, 12, 34, 34, 26, 34, 34, 34, 34, 34, 34, 34, 34, 34, 12, 34, 34, 34, 12, 34, 34, 34, 34, 34, 34, 34, 34, 34, 34, 34, 34, 34, 34, 34, 34, 34, 34, 34, 34, 34, 34, 34, 34, 34, 34, 34, 34, 34, 34, 34, 34, 34, 34, 34, 34, 34, 34, 34, 34, 34, 34, 34, 34, 34, 34, 34, 12, 34, 34, 34, 34, 34, 34, 34, 34, 34, 34, 34, 34, 34, 34, 34","SRA_READ_FILTER_PASS, SRA_READ_FILTER_PASS",TGATGATGACAGGGAGGGCAACGGAATGGGCTGTCATCATCTAGATCGGAAAGATGATGACAGCCCATTCCTTTGCCCTCCCTGTCATCATCTAGATCGGAA,"SRA_READ_FILTER_PASS, SRA_READ_FILTER_PASS","51, 51","[0, 51], [51, 51]","0, 51","SRA_READ_TYPE_BIOLOGICAL, SRA_READ_TYPE_BIOLOGICAL",0,25027321,0,AAGCAATA+TCTCAATT,10,,102,1101,102,0,50762,1000
SRR27848298,3639881424,3639881424,3639881424,"0, 1, 2, 3, 4, 1, 0, 3, 2, 4, 2, 3, 0, 1, 4, 3, 2, 1, 0, 4, 4, 4, 4, 4, 4",112313021022130121212011020301030121230330002320121220002011021212102320003303212103010302011021212103,TT,false,102,1,35685112,1,VH00708:190:AAAYHG3HV:1:1101:46332:1000,SRA_PLATFORM_ILLUMINA,"1, 2, 3, 4, 5, 6, 7, 8, 9, 10, 11, 12, 13, 14, 15, 16, 17, 18, 19, 20, 21, 22, 23, 24, 25, 26, 27, 28, 29, 30, 31, 32, 33, 34, 35, 36, 37, 38, 39, 40, 41, 42, 43, 44, 45, 46, 47, 48, 49, 50, 51, 52, 53, 54, 55, 56, 57, 58, 59, 60, 61, 62, 63, 64, 65, 66, 67, 68, 69, 70, 71, 72, 73, 74, 75, 76, 77, 78, 79, 80, 81, 82, 83, 84, 85, 86, 87, 88, 89, 90, 91, 92, 93, 94, 95, 96, 97, 98, 99, 100, 101, 102","26, 34, 34, 34, 34, 34, 34, 34, 34, 34, 34, 34, 34, 34, 34, 34, 34, 34, 34, 34, 34, 34, 34, 34, 34, 34, 34, 34, 34, 34, 34, 34, 34, 34, 34, 34, 34, 34, 34, 34, 34, 34, 34, 34, 34, 34, 34, 34, 34, 34, 34, 34, 34, 34, 34, 34, 34, 34, 34, 34, 34, 34, 34, 34, 34, 34, 34, 34, 34, 34, 34, 34, 34, 34, 34, 34, 34, 34, 34, 34, 34, 34, 34, 34, 34, 34, 34, 34, 34, 34, 34, 34, 34, 34, 34, 34, 34, 34, 34, 34, 34, 34","SRA_READ_FILTER_PASS, SRA_READ_FILTER_PASS",GTCGTAAGTTCTGCCAGTCAGGTGGAATTGGCCAGTCGGCGGGGATCCAGTCTTTTCCACCTGACTGGATCCCCGCCGACTGGCCAATTCCACCTGACTGGC,"SRA_READ_FILTER_PASS, SRA_READ_FILTER_PASS","51, 51","[0, 51], [51, 51]","0, 51","SRA_READ_TYPE_BIOLOGICAL, SRA_READ_TYPE_BIOLOGICAL",0,35685112,0,AAGGCAAT+TGGTAATT,10,,102,1101,102,0,46332,1000
SRR27848299,3514849926,3514849926,3514849926,"0, 1, 2, 3, 4, 1, 0, 3, 2, 4, 2, 3, 0, 1, 4, 3, 2, 1, 0, 4, 4, 4, 4, 4, 4",111110110001103202021310112222031013000312012333132000031200300021011330030023233001002301101303002220,TT,false,102,1,34459313,1,VH00708:190:AAAYHG3HV:1:1101:45233:1000,SRA_PLATFORM_ILLUMINA,"1, 2, 3, 4, 5, 6, 7, 8, 9, 10, 11, 12, 13, 14, 15, 16, 17, 18, 19, 20, 21, 22, 23, 24, 25, 26, 27, 28, 29, 30, 31, 32, 33, 34, 35, 36, 37, 38, 39, 40, 41, 42, 43, 44, 45, 46, 47, 48, 49, 50, 51, 52, 53, 54, 55, 56, 57, 58, 59, 60, 61, 62, 63, 64, 65, 66, 67, 68, 69, 70, 71, 72, 73, 74, 75, 76, 77, 78, 79, 80, 81, 82, 83, 84, 85, 86, 87, 88, 89, 90, 91, 92, 93, 94, 95, 96, 97, 98, 99, 100, 101, 102","26, 26, 34, 34, 34, 34, 34, 34, 34, 34, 34, 34, 34, 34, 34, 34, 34, 34, 34, 34, 34, 34, 34, 34, 34, 34, 34, 34, 34, 34, 34, 34, 34, 34, 34, 34, 34, 12, 34, 34, 34, 34, 26, 34, 34, 34, 34, 34, 34, 34, 34, 34, 34, 34, 34, 34, 34, 34, 34, 34, 34, 34, 34, 34, 34, 34, 34, 34, 34, 34, 34, 34, 34, 34, 34, 34, 34, 34, 34, 34, 34, 34, 34, 34, 34, 34, 34, 34, 34, 34, 34, 34, 34, 34, 34, 34, 34, 34, 34, 34, 34, 34","SRA_READ_FILTER_PASS, SRA_READ_FILTER_PASS",GTGTGGTGGGGTGGCTTCCTGCAACAGAGAATGGTAAAATGAACTATACGATTTTACTTTAAAAGTTGTATTTAAAGCTATTTGGGATTGTTGCCGGGAGAA,"SRA_READ_FILTER_PASS, SRA_READ_FILTER_PASS","51, 51","[0, 51], [51, 51]","0, 51","SRA_READ_TYPE_BIOLOGICAL, SRA_READ_TYPE_BIOLOGICAL",0,34459313,0,AAGGAGTT+ATCTAATT,10,,102,1101,102,0,45233,1000
SRR27848300,3383320416,3383320416,3383320416,"0, 1, 2, 3, 4, 1, 0, 3, 2, 4, 2, 3, 0, 1, 4, 3, 2, 1, 0, 4, 4, 4, 4, 4, 4",113022223302321220003210220011111212122321202221310201033003200232023021102112202220020101021202032100,TT,false,102,1,33169808,1,VH00708:190:AAAYHG3HV:1:1101:44362:1000,SRA_PLATFORM_ILLUMINA,"1, 2, 3, 4, 5, 6, 7, 8, 9, 10, 11, 12, 13, 14, 15, 16, 17, 18, 19, 20, 21, 22, 23, 24, 25, 26, 27, 28, 29, 30, 31, 32, 33, 34, 35, 36, 37, 38, 39, 40, 41, 42, 43, 44, 45, 46, 47, 48, 49, 50, 51, 52, 53, 54, 55, 56, 57, 58, 59, 60, 61, 62, 63, 64, 65, 66, 67, 68, 69, 70, 71, 72, 73, 74, 75, 76, 77, 78, 79, 80, 81, 82, 83, 84, 85, 86, 87, 88, 89, 90, 91, 92, 93, 94, 95, 96, 97, 98, 99, 100, 101, 102","26, 12, 26, 12, 34, 34, 34, 26, 34, 34, 34, 34, 34, 34, 34, 34, 34, 34, 34, 34, 34, 34, 34, 34, 34, 34, 34, 34, 34, 34, 34, 34, 34, 34, 34, 34, 34, 34, 34, 34, 34, 34, 34, 34, 34, 34, 34, 34, 34, 34, 34, 34, 34, 34, 34, 34, 34, 34, 34, 34, 34, 34, 34, 34, 34, 34, 34, 34, 34, 34, 34, 34, 34, 34, 34, 34, 34, 34, 34, 34, 34, 34, 34, 34, 34, 34, 34, 34, 34, 34, 34, 34, 34, 34, 34, 34, 34, 34, 34, 34, 34, 34","SRA_READ_FILTER_PASS, SRA_READ_FILTER_PASS",GTAAGAGATAAGCTGAGGGGCTGGAGGGTGTGTCAGTCTAGTCCTCTGCAACCAATAAATCCCTAGGATTCACCTGTCTTCTCCCTTGGTTCAGGAATCAAA,"SRA_READ_FILTER_PASS, SRA_READ_FILTER_PASS","51, 51","[0, 51], [51, 51]","0, 51","SRA_READ_TYPE_BIOLOGICAL, SRA_READ_TYPE_BIOLOGICAL",0,33169808,0,AAGTGTAT+CATTAATT,10,,102,1101,102,0,44362,1000
SRR27848301,3245686104,3245686104,3245686104,"0, 1, 2, 3, 4, 1, 0, 3, 2, 4, 2, 3, 0, 1, 4, 3, 2, 1, 0, 4, 4, 4, 4, 4, 4",130120200200313212232020001223231013111001132331203221210003203210000033002110220201210222223121221210,TT,false,102,1,31820452,1,VH00708:17:AAAKYNNHV:1:1101:64093:1000,SRA_PLATFORM_ILLUMINA,"1, 2, 3, 4, 5, 6, 7, 8, 9, 10, 11, 12, 13, 14, 15, 16, 17, 18, 19, 20, 21, 22, 23, 24, 25, 26, 27, 28, 29, 30, 31, 32, 33, 34, 35, 36, 37, 38, 39, 40, 41, 42, 43, 44, 45, 46, 47, 48, 49, 50, 51, 52, 53, 54, 55, 56, 57, 58, 59, 60, 61, 62, 63, 64, 65, 66, 67, 68, 69, 70, 71, 72, 73, 74, 75, 76, 77, 78, 79, 80, 81, 82, 83, 84, 85, 86, 87, 88, 89, 90, 91, 92, 93, 94, 95, 96, 97, 98, 99, 100, 101, 102","34, 34, 34, 34, 34, 34, 34, 34, 34, 34, 34, 34, 34, 34, 34, 34, 34, 34, 34, 34, 34, 34, 34, 34, 34, 34, 34, 34, 34, 34, 34, 34, 34, 34, 34, 34, 34, 34, 34, 34, 34, 34, 34, 34, 34, 34, 34, 34, 34, 34, 34, 34, 34, 34, 34, 34, 34, 34, 34, 34, 34, 34, 34, 34, 34, 34, 34, 34, 34, 34, 34, 34, 34, 26, 34, 34, 34, 34, 34, 34, 34, 34, 34, 34, 34, 34, 34, 34, 34, 26, 34, 34, 34, 34, 34, 34, 34, 34, 34, 34, 34, 34","SRA_READ_FILTER_PASS, SRA_READ_FILTER_PASS",GCCAGGAAAGGGCATCAGATCCTTTTGAGCTACCATGTGGGTGCTATGAATCTGACCCCGAATCAAAAAATAAAGTGGAGGAACTGGAGAGATGACTCAGTT,"SRA_READ_FILTER_PASS, SRA_READ_FILTER_PASS","51, 51","[0, 51], [51, 51]","0, 51","SRA_READ_TYPE_BIOLOGICAL, SRA_READ_TYPE_BIOLOGICAL",0,31820452,0,TTGCCATC+TGACGCGT,10,,102,1101,102,0,64093,1000
SRR27848302,3324211110,3324211110,3324211110,"0, 1, 2, 3, 4, 1, 0, 3, 2, 4, 2, 3, 0, 1, 4, 3, 2, 1, 0, 4, 4, 4, 4, 4, 4",110003301222121030221232131232130210223123210010123121302302221211231130100111211312122001000102021301,TT,false,102,1,32590305,1,VH00708:17:AAAKYNNHV:1:1101:47487:1019,SRA_PLATFORM_ILLUMINA,"1, 2, 3, 4, 5, 6, 7, 8, 9, 10, 11, 12, 13, 14, 15, 16, 17, 18, 19, 20, 21, 22, 23, 24, 25, 26, 27, 28, 29, 30, 31, 32, 33, 34, 35, 36, 37, 38, 39, 40, 41, 42, 43, 44, 45, 46, 47, 48, 49, 50, 51, 52, 53, 54, 55, 56, 57, 58, 59, 60, 61, 62, 63, 64, 65, 66, 67, 68, 69, 70, 71, 72, 73, 74, 75, 76, 77, 78, 79, 80, 81, 82, 83, 84, 85, 86, 87, 88, 89, 90, 91, 92, 93, 94, 95, 96, 97, 98, 99, 100, 101, 102","34, 34, 26, 34, 34, 34, 34, 26, 34, 34, 34, 34, 34, 34, 34, 34, 34, 34, 34, 34, 34, 34, 34, 34, 34, 34, 34, 34, 34, 34, 34, 34, 34, 26, 34, 34, 34, 34, 34, 34, 26, 34, 34, 34, 34, 34, 34, 34, 34, 34, 34, 34, 26, 34, 34, 34, 34, 34, 34, 34, 34, 34, 34, 34, 34, 34, 34, 34, 34, 34, 34, 34, 34, 34, 34, 34, 34, 34, 26, 34, 34, 34, 34, 34, 34, 34, 34, 34, 34, 34, 34, 34, 34, 34, 34, 34, 34, 34, 34, 34, 34, 34","SRA_READ_FILTER_PASS, SRA_READ_FILTER_PASS",GTTTTATTGAGACTGGCCTCAGCTGCAGCTGCCTGGAGCAGCTGGGTTGATGACGGATTCTCAGTGATGTAACCCACAGTGCAGTCTTTGGGGTTCCTGCCA,"SRA_READ_FILTER_PASS, SRA_READ_FILTER_PASS","51, 51","[0, 51], [51, 51]","0, 51","SRA_READ_TYPE_BIOLOGICAL, SRA_READ_TYPE_BIOLOGICAL",0,32590305,0,TGGTATGG+GAGCGAAG,10,,102,1101,102,0,47487,1019
SRR27848303,3662536134,3662536134,3662536134,"0, 1, 2, 3, 4, 1, 0, 3, 2, 4, 2, 3, 0, 1, 4, 3, 2, 1, 0, 4, 4, 4, 4, 4, 4",102022000302020322300022022122022211000002201020021213020010203222123110120210022002130021031223232200,TT,false,102,1,35907217,1,VH00708:17:AAAKYNNHV:1:1101:59814:1000,SRA_PLATFORM_ILLUMINA,"1, 2, 3, 4, 5, 6, 7, 8, 9, 10, 11, 12, 13, 14, 15, 16, 17, 18, 19, 20, 21, 22, 23, 24, 25, 26, 27, 28, 29, 30, 31, 32, 33, 34, 35, 36, 37, 38, 39, 40, 41, 42, 43, 44, 45, 46, 47, 48, 49, 50, 51, 52, 53, 54, 55, 56, 57, 58, 59, 60, 61, 62, 63, 64, 65, 66, 67, 68, 69, 70, 71, 72, 73, 74, 75, 76, 77, 78, 79, 80, 81, 82, 83, 84, 85, 86, 87, 88, 89, 90, 91, 92, 93, 94, 95, 96, 97, 98, 99, 100, 101, 102","34, 26, 34, 34, 34, 34, 34, 34, 34, 34, 34, 34, 34, 34, 34, 34, 34, 34, 34, 34, 34, 34, 34, 34, 34, 34, 34, 34, 34, 34, 34, 34, 34, 26, 34, 34, 34, 12, 34, 34, 34, 34, 34, 34, 34, 34, 34, 34, 34, 34, 34, 34, 34, 34, 34, 34, 34, 34, 34, 34, 34, 34, 34, 34, 34, 34, 34, 34, 34, 34, 34, 34, 34, 34, 34, 34, 34, 34, 34, 34, 34, 34, 34, 34, 34, 34, 34, 34, 34, 34, 12, 34, 34, 34, 34, 34, 34, 34, 34, 34, 34, 34","SRA_READ_FILTER_PASS, SRA_READ_FILTER_PASS",GGAAGAAAATTCCTTAGATTTTCTTCTGAGGAGACAAAAAAGAACCTTTCACATTCCCAAGGCTCTGATGTTGAAGTTTCTTTCATTTCAATGAGCTAGAAA,"SRA_READ_FILTER_PASS, SRA_READ_FILTER_PASS","51, 51","[0, 51], [51, 51]","0, 51","SRA_READ_TYPE_BIOLOGICAL, SRA_READ_TYPE_BIOLOGICAL",0,35907217,0,GGCGAGGA+AACAAGTG,10,,102,1101,102,0,59814,1000
SRR27848304,3247839630,3247839630,3247839630,"0, 1, 2, 3, 4, 1, 0, 3, 2, 4, 2, 3, 0, 1, 4, 3, 2, 1, 0, 4, 4, 4, 4, 4, 4",103221312003030222023321122203321200120201120300033221000122100212023203111330003021102021002123302221,TT,false,102,1,31841565,1,VH00708:17:AAAKYNNHV:1:1101:41049:1019,SRA_PLATFORM_ILLUMINA,"1, 2, 3, 4, 5, 6, 7, 8, 9, 10, 11, 12, 13, 14, 15, 16, 17, 18, 19, 20, 21, 22, 23, 24, 25, 26, 27, 28, 29, 30, 31, 32, 33, 34, 35, 36, 37, 38, 39, 40, 41, 42, 43, 44, 45, 46, 47, 48, 49, 50, 51, 52, 53, 54, 55, 56, 57, 58, 59, 60, 61, 62, 63, 64, 65, 66, 67, 68, 69, 70, 71, 72, 73, 74, 75, 76, 77, 78, 79, 80, 81, 82, 83, 84, 85, 86, 87, 88, 89, 90, 91, 92, 93, 94, 95, 96, 97, 98, 99, 100, 101, 102","34, 12, 34, 34, 34, 26, 34, 34, 34, 34, 34, 34, 34, 34, 34, 34, 34, 34, 34, 34, 34, 34, 34, 34, 34, 34, 34, 34, 34, 34, 34, 34, 34, 34, 34, 34, 34, 34, 34, 34, 34, 34, 34, 34, 34, 34, 34, 34, 34, 34, 34, 34, 34, 34, 34, 34, 34, 34, 34, 34, 34, 34, 34, 34, 34, 34, 34, 34, 34, 34, 34, 34, 34, 34, 34, 34, 34, 34, 34, 34, 34, 34, 34, 34, 34, 34, 34, 34, 34, 34, 34, 34, 34, 34, 34, 34, 34, 34, 34, 34, 34, 34","SRA_READ_FILTER_PASS, SRA_READ_FILTER_PASS",GGCTCATGAAATTAAGAGGATAGTGAGAATAGTCCCAGGAACAGGCCCCGCCTGGGGTCTGGGACTTCGAATGTGCGGGGCCTGTTCCTGGGACTATTCTCA,"SRA_READ_FILTER_PASS, SRA_READ_FILTER_PASS","51, 51","[0, 51], [51, 51]","0, 51","SRA_READ_TYPE_BIOLOGICAL, SRA_READ_TYPE_BIOLOGICAL",0,31841565,0,TGCTCCGC+CGGTTAGT,10,,102,1101,102,0,41049,1019
SRR27848305,3431014392,3431014392,3431014392,"0, 1, 2, 3, 4, 1, 0, 3, 2, 4, 2, 3, 0, 1, 4, 3, 2, 1, 0, 4, 4, 4, 4, 4, 4",130323133230031100110200023022202321112002111202003131112222002120132123012002201123031222122302000220,TT,false,102,1,33637396,1,VH00708:17:AAAKYNNHV:1:1101:61253:1000,SRA_PLATFORM_ILLUMINA,"1, 2, 3, 4, 5, 6, 7, 8, 9, 10, 11, 12, 13, 14, 15, 16, 17, 18, 19, 20, 21, 22, 23, 24, 25, 26, 27, 28, 29, 30, 31, 32, 33, 34, 35, 36, 37, 38, 39, 40, 41, 42, 43, 44, 45, 46, 47, 48, 49, 50, 51, 52, 53, 54, 55, 56, 57, 58, 59, 60, 61, 62, 63, 64, 65, 66, 67, 68, 69, 70, 71, 72, 73, 74, 75, 76, 77, 78, 79, 80, 81, 82, 83, 84, 85, 86, 87, 88, 89, 90, 91, 92, 93, 94, 95, 96, 97, 98, 99, 100, 101, 102","34, 34, 34, 34, 34, 34, 34, 34, 34, 34, 34, 34, 34, 34, 34, 34, 34, 26, 34, 34, 34, 34, 34, 34, 34, 34, 34, 34, 34, 34, 34, 34, 34, 34, 34, 34, 34, 34, 34, 34, 34, 34, 34, 34, 34, 34, 34, 34, 34, 34, 34, 34, 34, 34, 34, 34, 34, 34, 34, 34, 34, 34, 34, 34, 34, 34, 34, 34, 34, 34, 34, 34, 34, 34, 34, 34, 34, 34, 34, 34, 34, 34, 34, 34, 34, 34, 34, 34, 34, 34, 34, 34, 34, 34, 34, 34, 34, 34, 34, 34, 34, 34","SRA_READ_FILTER_PASS, SRA_READ_FILTER_PASS",GCCGATGCGATTTACAAACAAGGGGATTCTCCTAGTGTCCCTGTGAAGGGCGCACAGAGAAAGTCCATCAGCCAGGGAGGTGATTACTCTGAGCCTTTTCTT,"SRA_READ_FILTER_PASS, SRA_READ_FILTER_PASS","51, 51","[0, 51], [51, 51]","0, 51","SRA_READ_TYPE_BIOLOGICAL, SRA_READ_TYPE_BIOLOGICAL",0,33637396,0,GTCTGTGC+AGCATCAG,10,,102,1101,102,0,61253,1000
SRR27848306,3807854106,3807854106,3807854106,"0, 1, 2, 3, 4, 1, 0, 3, 2, 4, 2, 3, 0, 1, 4, 3, 2, 1, 0, 4, 4, 4, 4, 4, 4",103122003123322030300011001100003213300023213221200022213011310022011121123013100300102312220000212130,TT,false,102,1,37331903,1,VH00708:17:AAAKYNNHV:1:1101:58715:1000,SRA_PLATFORM_ILLUMINA,"1, 2, 3, 4, 5, 6, 7, 8, 9, 10, 11, 12, 13, 14, 15, 16, 17, 18, 19, 20, 21, 22, 23, 24, 25, 26, 27, 28, 29, 30, 31, 32, 33, 34, 35, 36, 37, 38, 39, 40, 41, 42, 43, 44, 45, 46, 47, 48, 49, 50, 51, 52, 53, 54, 55, 56, 57, 58, 59, 60, 61, 62, 63, 64, 65, 66, 67, 68, 69, 70, 71, 72, 73, 74, 75, 76, 77, 78, 79, 80, 81, 82, 83, 84, 85, 86, 87, 88, 89, 90, 91, 92, 93, 94, 95, 96, 97, 98, 99, 100, 101, 102","34, 34, 34, 34, 34, 34, 34, 26, 34, 34, 34, 34, 34, 34, 34, 34, 34, 34, 34, 34, 34, 34, 34, 34, 34, 12, 34, 34, 34, 34, 26, 34, 34, 34, 34, 34, 34, 34, 34, 34, 34, 34, 34, 34, 34, 34, 34, 34, 34, 34, 34, 34, 34, 34, 34, 34, 34, 34, 34, 34, 34, 34, 34, 34, 34, 34, 34, 34, 34, 34, 34, 34, 34, 34, 26, 34, 34, 34, 34, 34, 12, 34, 34, 34, 34, 34, 34, 34, 34, 34, 34, 26, 34, 34, 34, 34, 34, 34, 34, 34, 34, 34","SRA_READ_FILTER_PASS, SRA_READ_FILTER_PASS",GGCAGAAATGATAGAATTAAAACAAACAAAAATCATAAAAGCTGCTCAGGGTCTCATTGTACCCTCCACAGTGATTGCAAATTTGGATGAGAAAAAGTCATT,"SRA_READ_FILTER_PASS, SRA_READ_FILTER_PASS","51, 51","[0, 51], [51, 51]","0, 51","SRA_READ_TYPE_BIOLOGICAL, SRA_READ_TYPE_BIOLOGICAL",0,37331903,0,ACCTTAGA+CTACGCAT,10,,102,1101,102,0,58715,1000
SRR27848307,3581010186,3581010186,3581010186,"0, 1, 2, 3, 4, 1, 0, 3, 2, 4, 2, 3, 0, 1, 4, 3, 2, 1, 0, 4, 4, 4, 4, 4, 4",113310112020222310121113120012122022220130123230111021220210303031001302130223302212212021323311103232,TT,false,102,1,35107943,1,VH00708:17:AAAKYNNHV:1:1101:42715:1019,SRA_PLATFORM_ILLUMINA,"1, 2, 3, 4, 5, 6, 7, 8, 9, 10, 11, 12, 13, 14, 15, 16, 17, 18, 19, 20, 21, 22, 23, 24, 25, 26, 27, 28, 29, 30, 31, 32, 33, 34, 35, 36, 37, 38, 39, 40, 41, 42, 43, 44, 45, 46, 47, 48, 49, 50, 51, 52, 53, 54, 55, 56, 57, 58, 59, 60, 61, 62, 63, 64, 65, 66, 67, 68, 69, 70, 71, 72, 73, 74, 75, 76, 77, 78, 79, 80, 81, 82, 83, 84, 85, 86, 87, 88, 89, 90, 91, 92, 93, 94, 95, 96, 97, 98, 99, 100, 101, 102","34, 34, 34, 34, 34, 34, 34, 34, 34, 26, 34, 34, 34, 34, 34, 34, 34, 34, 34, 34, 34, 34, 34, 34, 34, 34, 26, 26, 34, 34, 34, 34, 34, 34, 34, 34, 34, 34, 34, 34, 34, 34, 34, 34, 34, 34, 34, 34, 34, 34, 34, 34, 34, 34, 34, 34, 34, 34, 34, 34, 34, 34, 34, 34, 34, 34, 34, 34, 34, 34, 34, 34, 34, 34, 34, 34, 34, 34, 34, 34, 34, 34, 34, 34, 34, 34, 34, 34, 34, 34, 34, 34, 34, 34, 34, 34, 34, 34, 34, 34, 34, 34","SRA_READ_FILTER_PASS, SRA_READ_FILTER_PASS",GTATGGTGAAGGAGATGGTCACATGAAACTGAGGAGAGGTAACTAGCCACATCAGAAGTTAATTACCCATTCATTCTATTCTGAGTCCTGCTATGTGGCTAG,"SRA_READ_FILTER_PASS, SRA_READ_FILTER_PASS","51, 51","[0, 51], [51, 51]","0, 51","SRA_READ_TYPE_BIOLOGICAL, SRA_READ_TYPE_BIOLOGICAL",0,35107943,0,TAAGTACC+TGGCTCAC,10,,102,1101,102,0,42715,1019
SRR27848308,3585246450,3585246450,3585246450,"0, 1, 2, 3, 4, 1, 0, 3, 2, 4, 2, 3, 0, 1, 4, 3, 2, 1, 0, 4, 4, 4, 4, 4, 4",102001013120031301112001001133322002233201302233211032202201210001001013030321122222232211233220310233,TT,false,102,1,35149475,1,VH00708:17:AAAKYNNHV:1:1101:50478:1019,SRA_PLATFORM_ILLUMINA,"1, 2, 3, 4, 5, 6, 7, 8, 9, 10, 11, 12, 13, 14, 15, 16, 17, 18, 19, 20, 21, 22, 23, 24, 25, 26, 27, 28, 29, 30, 31, 32, 33, 34, 35, 36, 37, 38, 39, 40, 41, 42, 43, 44, 45, 46, 47, 48, 49, 50, 51, 52, 53, 54, 55, 56, 57, 58, 59, 60, 61, 62, 63, 64, 65, 66, 67, 68, 69, 70, 71, 72, 73, 74, 75, 76, 77, 78, 79, 80, 81, 82, 83, 84, 85, 86, 87, 88, 89, 90, 91, 92, 93, 94, 95, 96, 97, 98, 99, 100, 101, 102","26, 12, 34, 34, 34, 34, 34, 34, 12, 12, 34, 34, 34, 34, 26, 34, 34, 34, 26, 34, 34, 34, 26, 26, 26, 26, 34, 34, 34, 12, 34, 34, 34, 34, 34, 34, 34, 34, 34, 34, 34, 34, 34, 34, 34, 12, 34, 34, 34, 34, 12, 34, 34, 12, 12, 12, 26, 12, 34, 12, 34, 34, 26, 26, 34, 34, 34, 34, 34, 34, 26, 26, 34, 34, 34, 34, 34, 34, 34, 34, 34, 34, 34, 34, 34, 34, 34, 34, 34, 34, 34, 34, 34, 34, 34, 34, 34, 26, 34, 34, 34, 12","SRA_READ_FILTER_PASS, SRA_READ_FILTER_PASS",GGAAACCATGAAATGCCACAGGGTTTGTATAGAAAGATAGGTAAGATAGTGTAGAAGAACTGGGGTTTGGTAATTAGTGAGAGAGCTCACTATCTTACCTAT,"SRA_READ_FILTER_PASS, SRA_READ_FILTER_PASS","51, 51","[0, 51], [51, 51]","0, 51","SRA_READ_TYPE_BIOLOGICAL, SRA_READ_TYPE_BIOLOGICAL",0,35149475,0,ACAGGCAG+AACTTGCT,10,,102,1101,102,0,50478,1019
SRR27848309,3414083310,3414083310,3414083310,"0, 1, 2, 3, 4, 1, 0, 3, 2, 4, 2, 3, 0, 1, 4, 3, 2, 1, 0, 4, 4, 4, 4, 4, 4",123230202223111131221201220121211102013202322231001100000000000000000000000000000000000000000000000000,TT,false,102,1,33471405,1,VH00708:17:AAAKYNNHV:1:1101:59283:1000,SRA_PLATFORM_ILLUMINA,"1, 2, 3, 4, 5, 6, 7, 8, 9, 10, 11, 12, 13, 14, 15, 16, 17, 18, 19, 20, 21, 22, 23, 24, 25, 26, 27, 28, 29, 30, 31, 32, 33, 34, 35, 36, 37, 38, 39, 40, 41, 42, 43, 44, 45, 46, 47, 48, 49, 50, 51, 52, 53, 54, 55, 56, 57, 58, 59, 60, 61, 62, 63, 64, 65, 66, 67, 68, 69, 70, 71, 72, 73, 74, 75, 76, 77, 78, 79, 80, 81, 82, 83, 84, 85, 86, 87, 88, 89, 90, 91, 92, 93, 94, 95, 96, 97, 98, 99, 100, 101, 102","34, 12, 34, 34, 34, 34, 34, 34, 34, 34, 34, 34, 34, 34, 34, 34, 34, 34, 34, 34, 34, 34, 34, 34, 34, 34, 34, 34, 34, 34, 34, 34, 34, 34, 34, 34, 34, 34, 34, 34, 34, 34, 34, 26, 12, 12, 34, 12, 12, 34, 12, 34, 34, 34, 34, 34, 34, 34, 34, 34, 26, 12, 34, 34, 34, 34, 26, 34, 34, 34, 12, 34, 26, 34, 26, 34, 34, 12, 26, 34, 34, 26, 12, 26, 12, 34, 26, 26, 26, 34, 34, 34, 34, 34, 34, 34, 12, 34, 12, 12, 12, 12","SRA_READ_FILTER_PASS, SRA_READ_FILTER_PASS",GATCGGAAGAGCACACGTCTGAACTCCAGTCACAAGGTAGGATCTCGTTTGGGGGGGGGGGGGGGGGGGGGGGGGGGGGGGGGGGGGGGGGGGGGGGGGGGG,"SRA_READ_FILTER_PASS, SRA_READ_FILTER_PASS","51, 51","[0, 51], [51, 51]","0, 51","SRA_READ_TYPE_BIOLOGICAL, SRA_READ_TYPE_BIOLOGICAL",0,33471405,0,AAGGTAGG+AGCGATGG,10,,102,1101,102,0,59283,1000
SRR27848310,3481186764,3481186764,3481186764,"0, 1, 2, 3, 4, 1, 0, 3, 2, 4, 2, 3, 0, 1, 4, 3, 2, 1, 0, 4, 4, 4, 4, 4, 4",113202123330121000111111111110031133002321020103330203113022220331313121032230010211003302230202122020,TT,false,102,1,34129282,1,VH00708:17:AAAKYNNHV:1:1101:40443:1019,SRA_PLATFORM_ILLUMINA,"1, 2, 3, 4, 5, 6, 7, 8, 9, 10, 11, 12, 13, 14, 15, 16, 17, 18, 19, 20, 21, 22, 23, 24, 25, 26, 27, 28, 29, 30, 31, 32, 33, 34, 35, 36, 37, 38, 39, 40, 41, 42, 43, 44, 45, 46, 47, 48, 49, 50, 51, 52, 53, 54, 55, 56, 57, 58, 59, 60, 61, 62, 63, 64, 65, 66, 67, 68, 69, 70, 71, 72, 73, 74, 75, 76, 77, 78, 79, 80, 81, 82, 83, 84, 85, 86, 87, 88, 89, 90, 91, 92, 93, 94, 95, 96, 97, 98, 99, 100, 101, 102","0, 26, 34, 34, 34, 34, 34, 34, 34, 34, 34, 34, 34, 34, 34, 34, 34, 34, 34, 34, 34, 34, 34, 34, 34, 34, 34, 34, 34, 34, 34, 34, 34, 34, 34, 34, 34, 34, 34, 34, 34, 34, 34, 34, 34, 34, 34, 34, 34, 34, 34, 34, 34, 34, 34, 34, 34, 34, 34, 34, 34, 26, 34, 34, 34, 34, 34, 34, 34, 34, 34, 34, 34, 34, 34, 34, 34, 34, 34, 34, 34, 34, 34, 34, 34, 34, 34, 34, 34, 34, 34, 34, 34, 34, 34, 34, 34, 34, 34, 34, 34, 34","SRA_READ_FILTER_PASS, SRA_READ_FILTER_PASS",GTAGGACTATAACTGGGGTGTGTGTGTGTTTACATAAAGCTGGAACCGCGGCCGTGCCTCTCCGCATGCAGTTAGATTTGGACAAATAAGATTCCTGAGGAA,"SRA_READ_FILTER_PASS, SRA_READ_FILTER_PASS","51, 51","[0, 51], [51, 51]","0, 51","SRA_READ_TYPE_BIOLOGICAL, SRA_READ_TYPE_BIOLOGICAL",0,34129282,0,ACCAACAT+GGACCGTC,10,,102,1101,102,0,40443,1019
SRR27848311,3080016990,3080016990,3080016990,"0, 1, 2, 3, 4, 1, 0, 3, 2, 4, 2, 3, 0, 1, 4, 3, 2, 1, 0, 4, 4, 4, 4, 4, 4",012220300101122010131201300210210202003212222110333003223100213312111111223230012322120100011010102222,TT,false,102,1,30196245,1,VH00708:17:AAAKYNNHV:1:1101:64245:1000,SRA_PLATFORM_ILLUMINA,"1, 2, 3, 4, 5, 6, 7, 8, 9, 10, 11, 12, 13, 14, 15, 16, 17, 18, 19, 20, 21, 22, 23, 24, 25, 26, 27, 28, 29, 30, 31, 32, 33, 34, 35, 36, 37, 38, 39, 40, 41, 42, 43, 44, 45, 46, 47, 48, 49, 50, 51, 52, 53, 54, 55, 56, 57, 58, 59, 60, 61, 62, 63, 64, 65, 66, 67, 68, 69, 70, 71, 72, 73, 74, 75, 76, 77, 78, 79, 80, 81, 82, 83, 84, 85, 86, 87, 88, 89, 90, 91, 92, 93, 94, 95, 96, 97, 98, 99, 100, 101, 102","34, 34, 34, 34, 34, 34, 34, 34, 34, 34, 34, 34, 34, 34, 34, 34, 34, 34, 34, 34, 34, 34, 34, 34, 34, 34, 12, 34, 34, 34, 34, 34, 34, 34, 34, 34, 34, 34, 34, 34, 34, 34, 34, 34, 26, 34, 34, 34, 34, 34, 34, 34, 34, 34, 34, 34, 34, 34, 34, 34, 34, 34, 34, 34, 34, 34, 34, 34, 34, 34, 34, 34, 34, 34, 34, 34, 34, 34, 26, 34, 34, 34, 34, 34, 34, 34, 34, 34, 34, 34, 34, 34, 34, 34, 34, 34, 34, 34, 34, 34, 34, 34","SRA_READ_FILTER_PASS, SRA_READ_FILTER_PASS",TGAGAATTTGGTGAGGTTGCAGGTAAAGTTCAAGGAAATCAGAGACAATATTTAGATGGGACGCAGTGTGTGAGCTAAACTAGACTTGGGGTGGTTGGAGAG,"SRA_READ_FILTER_PASS, SRA_READ_FILTER_PASS","51, 51","[0, 51], [51, 51]","0, 51","SRA_READ_TYPE_BIOLOGICAL, SRA_READ_TYPE_BIOLOGICAL",0,30196245,0,GGTAATCG+CGACGTTC,10,,102,1101,102,0,64245,1000
